[{"id":"89eeffb1.3b7b5","type":"tab","label":"Flow 2","disabled":false,"info":""},{"id":"7c6fd579.6a961c","type":"tab","label":"Flow 3","disabled":false,"info":""},{"id":"1a9d7a02.429c66","type":"tab","label":"Flow 4","disabled":false,"info":""},{"id":"b4d107ba.d65648","type":"ui_tab","name":"System","icon":"fa-leaf","order":1,"disabled":false,"hidden":false},{"id":"cbd88adc.2a1038","type":"ui_group","name":"Signin","tab":"b4d107ba.d65648","order":1,"disp":true,"width":"6","collapse":false},{"id":"fafefc20.17ef78","type":"ui_group","name":"Sensor","tab":"b4d107ba.d65648","order":3,"disp":true,"width":"6","collapse":false},{"id":"c06aa50c.38547","type":"ui_group","name":"Options","tab":"b4d107ba.d65648","order":2,"disp":true,"width":"6","collapse":false},{"id":"2396b11f.1e9176","type":"ui_group","name":"Maintenance","tab":"b4d107ba.d65648","order":6,"disp":true,"width":"6","collapse":true},{"id":"dbd9a7c0.b46cd8","type":"ui_group","name":"Information","tab":"b4d107ba.d65648","order":4,"disp":true,"width":"6","collapse":false},{"id":"76cb9e5a.a42d18","type":"ui_group","name":"Update","tab":"b4d107ba.d65648","order":5,"disp":true,"width":"6","collapse":true},{"id":"77943150.e6603","type":"ui_base","theme":{"name":"theme-light","lightTheme":{"default":"#0094CE","baseColor":"#0094CE","baseFont":"-apple-system,BlinkMacSystemFont,Segoe UI,Roboto,Oxygen-Sans,Ubuntu,Cantarell,Helvetica Neue,sans-serif","edited":true,"reset":false},"darkTheme":{"default":"#097479","baseColor":"#097479","baseFont":"-apple-system,BlinkMacSystemFont,Segoe UI,Roboto,Oxygen-Sans,Ubuntu,Cantarell,Helvetica Neue,sans-serif","edited":false},"customTheme":{"name":"Untitled Theme 1","default":"#4B7930","baseColor":"#4B7930","baseFont":"-apple-system,BlinkMacSystemFont,Segoe UI,Roboto,Oxygen-Sans,Ubuntu,Cantarell,Helvetica Neue,sans-serif"},"themeState":{"base-color":{"default":"#0094CE","value":"#0094CE","edited":false},"page-titlebar-backgroundColor":{"value":"#0094CE","edited":false},"page-backgroundColor":{"value":"#fafafa","edited":false},"page-sidebar-backgroundColor":{"value":"#ffffff","edited":false},"group-textColor":{"value":"#1bbfff","edited":false},"group-borderColor":{"value":"#ffffff","edited":false},"group-backgroundColor":{"value":"#ffffff","edited":false},"widget-textColor":{"value":"#111111","edited":false},"widget-backgroundColor":{"value":"#0094ce","edited":false},"widget-borderColor":{"value":"#ffffff","edited":false},"base-font":{"value":"-apple-system,BlinkMacSystemFont,Segoe UI,Roboto,Oxygen-Sans,Ubuntu,Cantarell,Helvetica Neue,sans-serif"}},"angularTheme":{"primary":"indigo","accents":"blue","warn":"red","background":"grey"}},"site":{"name":"Node-RED Dashboard","hideToolbar":"false","allowSwipe":"false","lockMenu":"false","allowTempTheme":"true","dateFormat":"DD/MM/YYYY","sizes":{"sx":48,"sy":48,"gx":6,"gy":6,"cx":6,"cy":6,"px":0,"py":0}}},{"id":"b93d933a.a35b8","type":"mqtt-broker","name":"","broker":"10.39.16.1","port":"1883","clientid":"","usetls":false,"protocolVersion":"4","keepalive":"60","cleansession":true,"birthTopic":"","birthQos":"0","birthPayload":"","birthMsg":{},"closeTopic":"","closeQos":"0","closePayload":"","closeMsg":{},"willTopic":"","willQos":"0","willPayload":"","willMsg":{},"sessionExpiry":""},{"id":"32746dd3.5bc4c2","type":"uibuilder","z":"89eeffb1.3b7b5","name":"","topic":"","url":"cvd","fwdInMessages":true,"allowScripts":false,"allowStyles":false,"copyIndex":true,"showfolder":false,"useSecurity":false,"sessionLength":432000,"tokenAutoExtend":false,"x":270,"y":280,"wires":[["cc21d77c.8510b8"],["cc21d77c.8510b8"]]},{"id":"d4999b1e.a1f6a8","type":"debug","z":"89eeffb1.3b7b5","name":"","active":true,"tosidebar":true,"console":false,"tostatus":false,"complete":"payload.message","targetType":"msg","statusVal":"","statusType":"auto","x":500,"y":200,"wires":[]},{"id":"582d3199.1873d","type":"inject","z":"89eeffb1.3b7b5","name":"","props":[{"p":"payload"},{"p":"topic","vt":"str"}],"repeat":"","crontab":"","once":false,"onceDelay":0.1,"topic":"","payload":"","payloadType":"date","x":110,"y":300,"wires":[["32746dd3.5bc4c2"]]},{"id":"cc21d77c.8510b8","type":"html","z":"89eeffb1.3b7b5","name":"","property":"payload","outproperty":"payload","tag":"","ret":"html","as":"single","x":440,"y":420,"wires":[["d4999b1e.a1f6a8"]]},{"id":"82e68978.045b68","type":"uibuilder","z":"7c6fd579.6a961c","name":"","topic":"","url":"uibuilder_Example","fwdInMessages":false,"allowScripts":false,"allowStyles":false,"copyIndex":true,"showfolder":false,"useSecurity":false,"sessionLength":"","tokenAutoExtend":false,"x":570,"y":160,"wires":[[],[]]},{"id":"b64473a7.3d6dc","type":"inject","z":"7c6fd579.6a961c","name":"","repeat":"","crontab":"","once":false,"onceDelay":0.1,"topic":"cardId","payload":"111","payloadType":"num","x":300,"y":100,"wires":[["82e68978.045b68"]]},{"id":"18e53c59.76d4a4","type":"inject","z":"7c6fd579.6a961c","name":"","repeat":"","crontab":"","once":false,"onceDelay":0.1,"topic":"cardId","payload":"222","payloadType":"num","x":303,"y":138,"wires":[["82e68978.045b68"]]},{"id":"d18950fe.7f075","type":"inject","z":"7c6fd579.6a961c","name":"","repeat":"","crontab":"","once":false,"onceDelay":0.1,"topic":"cardId","payload":"333","payloadType":"num","x":303,"y":178,"wires":[["82e68978.045b68"]]},{"id":"1239bfb7.99356","type":"inject","z":"7c6fd579.6a961c","name":"","repeat":"","crontab":"","once":false,"onceDelay":0.1,"topic":"cardId","payload":"444","payloadType":"num","x":303,"y":218,"wires":[["82e68978.045b68"]]},{"id":"16dde3ab.c3fc8c","type":"debug","z":"7c6fd579.6a961c","name":"","active":true,"tosidebar":true,"console":false,"tostatus":false,"complete":"false","x":790,"y":140,"wires":[]},{"id":"166bc15a.7989e7","type":"function","z":"1a9d7a02.429c66","name":"payload.message","func":"msg.payload = msg.payload.message\nreturn msg;","outputs":1,"noerr":0,"x":1090,"y":280,"wires":[["710087c4.61e42"]]},{"id":"1aa3cfa7.f31d78","type":"function","z":"1a9d7a02.429c66","name":"[s] to [hh:mm:ss]","func":"// Message from preceeding node is in seconds - should be less than 24 hours (86400 seconds).\nvar time = (new Date(msg.payload * 1000)).toUTCString().match(/(\\d\\d:\\d\\d:\\d\\d)/)[0];\n// Pass on the string to the next node, what ever that may be. (groov Data Store for example).\nmsg.timeResp = time;\nreturn msg;","outputs":1,"noerr":0,"x":720,"y":240,"wires":[["a20b145e.e4595"]]},{"id":"60956c9b.8faaec","type":"function","z":"1a9d7a02.429c66","name":"[s] to [hh:mm:ss]","func":"// Message from preceeding node is in seconds - should be less than 24 hours (86400 seconds).\nvar time = (new Date(msg.payload * 1000)).toUTCString().match(/(\\d\\d:\\d\\d:\\d\\d)/)[0];\n// Pass on the string to the next node, what ever that may be. (groov Data Store for example).\nmsg.timeWork = time;\nreturn msg;","outputs":1,"noerr":0,"x":700,"y":360,"wires":[[]]},{"id":"710087c4.61e42","type":"debug","z":"1a9d7a02.429c66","name":"","active":true,"tosidebar":true,"console":false,"tostatus":false,"complete":"false","x":1310,"y":280,"wires":[]},{"id":"a20b145e.e4595","type":"debug","z":"1a9d7a02.429c66","name":"","active":false,"tosidebar":true,"console":false,"tostatus":false,"complete":"false","x":910,"y":180,"wires":[]},{"id":"4023c8f.334d138","type":"function","z":"1a9d7a02.429c66","name":"not-1","func":"msg.payload=(msg.payload-1);\nreturn msg;","outputs":1,"noerr":0,"x":550,"y":240,"wires":[["1aa3cfa7.f31d78"]]},{"id":"b1be5716.d35f68","type":"function","z":"1a9d7a02.429c66","name":"not-1","func":"msg.payload=(msg.payload-1);\nreturn msg;","outputs":1,"noerr":0,"x":550,"y":360,"wires":[["60956c9b.8faaec"]]},{"id":"d4f9ad3a.879e68","type":"inject","z":"1a9d7a02.429c66","name":"Increment Time","repeat":"1","crontab":"","once":false,"onceDelay":0.1,"topic":"","payload":"1","payloadType":"num","x":130,"y":240,"wires":[["ebbb6f6f.9ded58"]]},{"id":"7214d475.e15e7c","type":"function","z":"1a9d7a02.429c66","name":"Reset","func":"msg.reset = 1;\nreturn msg;","outputs":1,"noerr":0,"x":270,"y":280,"wires":[["ebbb6f6f.9ded58"]]},{"id":"15a0e636.461c0a","type":"inject","z":"1a9d7a02.429c66","name":"Increment Time","repeat":"1","crontab":"","once":false,"onceDelay":0.1,"topic":"","payload":"1","payloadType":"num","x":130,"y":360,"wires":[["f1cef891.0d368"]]},{"id":"98fcefc3.dd12c","type":"function","z":"1a9d7a02.429c66","name":"Reset","func":"msg.reset = 1;\nreturn msg;","outputs":1,"noerr":0,"x":270,"y":400,"wires":[["f1cef891.0d368"]]},{"id":"75e373b4.9a19e4","type":"inject","z":"1a9d7a02.429c66","name":"Reset Time","repeat":"1","crontab":"","once":false,"onceDelay":0.1,"topic":"","payload":"","payloadType":"date","x":110,"y":280,"wires":[["7214d475.e15e7c"]]},{"id":"70fe972b.99914","type":"inject","z":"1a9d7a02.429c66","name":"Reset Time","repeat":"","crontab":"","once":false,"onceDelay":0.1,"topic":"","payload":"","payloadType":"date","x":110,"y":400,"wires":[["98fcefc3.dd12c"]]},{"id":"ebbb6f6f.9ded58","type":"counter","z":"1a9d7a02.429c66","name":"","init":"1","step":"1","lower":"-1","upper":null,"mode":"increment","outputs":2,"x":400,"y":240,"wires":[["4023c8f.334d138"],[]]},{"id":"f1cef891.0d368","type":"counter","z":"1a9d7a02.429c66","name":"","init":"0","step":"1","lower":null,"upper":null,"mode":"increment","outputs":2,"x":420,"y":360,"wires":[["b1be5716.d35f68"],[]]},{"id":"594d3f84.83b65","type":"uibuilder","z":"1a9d7a02.429c66","name":"","topic":"","url":"garmet","fwdInMessages":false,"allowScripts":false,"allowStyles":false,"copyIndex":true,"showfolder":false,"useSecurity":false,"sessionLength":432000,"tokenAutoExtend":false,"oldUrl":"uibuilder","x":900,"y":280,"wires":[[],[]]}]